{
  "text_column": "text",
  "label_column": "label",
  "min_text_length": 10,
  "max_text_length": 500,
  "feature_names": [
    "text_length_feature",
    "word_count",
    "char_count",
    "avg_word_length",
    "sentence_count",
    "avg_sentence_length",
    "unique_words",
    "lexical_diversity",
    "type_token_ratio",
    "exclamation_count",
    "question_count",
    "ellipsis_count",
    "caps_words_count",
    "uppercase_ratio",
    "depression_情绪低落_count",
    "depression_兴趣丧失_count",
    "depression_睡眠问题_count",
    "depression_食欲变化_count",
    "depression_注意力问题_count",
    "depression_自我评价_count",
    "depression_自杀想法_count",
    "depression_焦虑症状_count",
    "depression_身体症状_count",
    "depression_社交退缩_count",
    "total_depression_words",
    "depression_word_density",
    "depression_categories",
    "positive_emotion_count",
    "negative_emotion_count",
    "neutral_emotion_count",
    "total_emotion_words",
    "emotion_word_density",
    "emotion_polarity",
    "hashtag_count",
    "mention_count",
    "url_count",
    "emoticon_count",
    "repeated_char_count",
    "repeated_word_count",
    "exclamation_density",
    "question_density"
  ],
  "feature_columns": null,
  "scaler_mean": [
    56.58461538461538,
    11.03076923076923,
    56.58461538461538,
    4.442804436639278,
    2.5538461538461537,
    4.234615384615385,
    10.2,
    0.9437660403949997,
    0.9437660403949997,
    0.5384615384615384,
    0.0,
    0.0,
    0.0,
    0.0,
    0.06153846153846154,
    0.046153846153846156,
    0.03076923076923077,
    0.0,
    0.0,
    0.09230769230769231,
    0.18461538461538463,
    0.0,
    0.03076923076923077,
    0.03076923076923077,
    0.6307692307692307,
    0.04704872051025897,
    0.5538461538461539,
    0.49230769230769234,
    0.13846153846153847,
    0.0,
    0.6307692307692307,
    0.07668195052810438,
    0.27692307692307694,
    0.0,
    0.0,
    0.0,
    0.0,
    0.0,
    0.0,
    0.01266050349809745,
    0.0
  ],
  "scaler_scale": [
    14.714610538971444,
    3.818856980701589,
    14.714610538971444,
    0.8569030276559205,
    0.5555529257005474,
    0.8347286149509998,
    3.0087053182901933,
    0.06800422183114835,
    0.06800422183114835,
    0.556829571410888,
    1.0,
    1.0,
    1.0,
    1.0,
    0.29752430162790333,
    0.20981817995362856,
    0.1726918793895665,
    1.0,
    1.0,
    0.38121574441119593,
    0.387985237320569,
    1.0,
    0.1726918793895665,
    0.1726918793895665,
    0.9041652464563147,
    0.06970823820304627,
    0.76522031479667,
    0.7043398856775137,
    0.49230769230769234,
    1.0,
    0.775970474641138,
    0.09636116761825937,
    0.6203644662663369,
    1.0,
    1.0,
    1.0,
    1.0,
    1.0,
    1.0,
    0.01321658427859482,
    1.0
  ],
  "label_classes": [
    0,
    1
  ]
}