{
  "text_column": "text",
  "label_column": "label",
  "min_text_length": 10,
  "max_text_length": 500,
  "feature_names": [
    "text_length_feature",
    "word_count",
    "char_count",
    "avg_word_length",
    "sentence_count",
    "avg_sentence_length",
    "unique_words",
    "lexical_diversity",
    "type_token_ratio",
    "exclamation_count",
    "question_count",
    "ellipsis_count",
    "caps_words_count",
    "uppercase_ratio",
    "depression_情绪低落_count",
    "depression_兴趣丧失_count",
    "depression_睡眠问题_count",
    "depression_食欲变化_count",
    "depression_注意力问题_count",
    "depression_自我评价_count",
    "depression_自杀想法_count",
    "depression_焦虑症状_count",
    "depression_身体症状_count",
    "depression_社交退缩_count",
    "total_depression_words",
    "depression_word_density",
    "depression_categories",
    "positive_emotion_count",
    "negative_emotion_count",
    "neutral_emotion_count",
    "total_emotion_words",
    "emotion_word_density",
    "emotion_polarity",
    "hashtag_count",
    "mention_count",
    "url_count",
    "emoticon_count",
    "repeated_char_count",
    "repeated_word_count",
    "exclamation_density",
    "question_density",
    "turnaround_word_count",
    "turnaround_pattern_count",
    "turnaround_intensity",
    "negative_first_sentence",
    "positive_first_sentence",
    "negative_last_sentence",
    "positive_last_sentence",
    "sentiment_turnaround",
    "overall_sentiment"
  ],
  "feature_columns": null,
  "scaler_mean": [
    51.166666666666664,
    9.083333333333334,
    51.166666666666664,
    4.753637566137566,
    1.1666666666666667,
    4.222222222222222,
    9.0,
    0.9880952380952381,
    0.9880952380952381,
    0.25,
    0.0,
    0.0,
    0.0,
    0.0,
    0.08333333333333333,
    0.08333333333333333,
    0.16666666666666666,
    0.0,
    0.0,
    0.0,
    0.0,
    0.0,
    0.08333333333333333,
    0.08333333333333333,
    0.6666666666666666,
    0.07223124098124098,
    0.5833333333333334,
    0.08333333333333333,
    0.3333333333333333,
    0.08333333333333333,
    0.5,
    0.05506553631553632,
    -0.25,
    0.0,
    0.0,
    0.0,
    0.0,
    0.0,
    0.0,
    0.005142315206033347,
    0.0,
    0.08333333333333333,
    0.0,
    0.006944444444444444,
    0.3333333333333333,
    0.08333333333333333,
    0.0,
    0.0,
    0.0,
    -0.25
  ],
  "scaler_scale": [
    10.13930744950342,
    1.6562172428626494,
    10.13930744950342,
    0.4876145801638587,
    0.372677996249965,
    0.6466914848234898,
    1.7795130420052185,
    0.039483628456611915,
    0.039483628456611915,
    0.4330127018922193,
    1.0,
    1.0,
    1.0,
    1.0,
    0.2763853991962833,
    0.2763853991962833,
    0.37267799624996495,
    1.0,
    1.0,
    1.0,
    1.0,
    1.0,
    0.2763853991962833,
    0.2763853991962833,
    0.74535599249993,
    0.08799440582170288,
    0.6400954789890506,
    0.2763853991962833,
    0.4714045207910317,
    0.2763853991962833,
    0.6454972243679028,
    0.06773116837955123,
    0.5951190357119042,
    1.0,
    1.0,
    1.0,
    1.0,
    1.0,
    1.0,
    0.008986392537540168,
    1.0,
    0.2763853991962833,
    1.0,
    0.023032116599690275,
    0.4714045207910317,
    0.2763853991962833,
    1.0,
    1.0,
    1.0,
    0.5951190357119042
  ],
  "label_classes": [
    0,
    1
  ]
}