{
  "model_name": "bert_capsule_model",
  "is_trained": true,
  "feature_names": null,
  "training_history": {
    "train_losses": [
      0.7647334943711758,
      0.6661112485826015,
      0.6538184148073196,
      0.6858697533607483,
      0.6462188884615898,
      0.6164562073349953,
      0.5900373581051827,
      0.5663371980190277,
      0.5453978289663791,
      0.5262122099101544,
      0.5090550182759762,
      0.4921983832865953,
      0.4776530948281288,
      0.4632065900415182,
      0.4491374608874321,
      0.4371914815157652,
      0.42538373842835425,
      0.41377166628837586,
      0.40317131727933886,
      0.3937037145346403,
      0.38466689437627793,
      0.3759033127874136,
      0.3670880802720785,
      0.35917702578008176,
      0.3508850603550673,
      0.3437544633448124,
      0.33594498358666897,
      0.33003185197710994,
      0.3231545536965132,
      0.3162306993454695
    ],
    "train_accuracies": [
      0.93625,
      0.9803125,
      0.9453125,
      0.9996875,
      0.9975,
      1.0,
      1.0,
      1.0,
      1.0,
      1.0,
      1.0,
      1.0,
      1.0,
      1.0,
      1.0,
      1.0,
      1.0,
      1.0,
      1.0,
      1.0,
      1.0,
      1.0,
      0.9996875,
      1.0,
      1.0,
      1.0,
      1.0,
      1.0,
      1.0,
      1.0
    ],
    "val_losses": [
      0.6706872648000717,
      0.6130800247192383,
      0.6908219939470291,
      0.641033741235733,
      0.6092605042457581,
      0.5822316324710846,
      0.5580626338720321,
      0.5362949550151825,
      0.5165096631646157,
      0.4986437648534775,
      0.48234503507614135,
      0.4672024863958359,
      0.4529540619254112,
      0.43968076914548876,
      0.4272047212719917,
      0.4154514136910439,
      0.40440023005008696,
      0.39396470576524734,
      0.3841128218173981,
      0.3747751420736313,
      0.36592657744884494,
      0.3574814769625664,
      0.34947989612817765,
      0.3418526813387871,
      0.33448443055152893,
      0.3273844903707504,
      0.32053844422101974,
      0.3139509430527687,
      0.30760798156261443,
      0.30150210797786714
    ],
    "val_accuracies": [
      0.96375,
      0.995,
      1.0,
      1.0,
      1.0,
      1.0,
      1.0,
      1.0,
      1.0,
      1.0,
      1.0,
      1.0,
      1.0,
      1.0,
      1.0,
      1.0,
      1.0,
      1.0,
      1.0,
      1.0,
      1.0,
      1.0,
      1.0,
      1.0,
      1.0,
      1.0,
      1.0,
      1.0,
      1.0,
      1.0
    ],
    "model_params": {
      "symptom_capsules": 4,
      "capsule_dim": 8,
      "max_length": 64,
      "dropout": 0.1,
      "num_iterations": 3
    }
  },
  "model_params": {
    "symptom_capsules": 4,
    "capsule_dim": 8,
    "max_length": 64,
    "dropout": 0.1,
    "num_iterations": 3
  },
  "bert_model_name": "distilbert-base-uncased",
  "weights_path": "models\\simple_bert_model.pt"
}